{
  "hash": "f91b0306",
  "configHash": "fca6dc23",
  "lockfileHash": "59dae83a",
  "browserHash": "d80fcb0a",
  "optimized": {
    "@angular/common": {
      "src": "../../../../../../node_modules/@angular/common/fesm2022/common.mjs",
      "file": "@angular_common.js",
      "fileHash": "ff977e45",
      "needsInterop": false
    },
    "@angular/core": {
      "src": "../../../../../../node_modules/@angular/core/fesm2022/core.mjs",
      "file": "@angular_core.js",
      "fileHash": "ab0c30e1",
      "needsInterop": false
    },
    "@angular/forms": {
      "src": "../../../../../../node_modules/@angular/forms/fesm2022/forms.mjs",
      "file": "@angular_forms.js",
      "fileHash": "3748ddb4",
      "needsInterop": false
    },
    "@angular/platform-browser": {
      "src": "../../../../../../node_modules/@angular/platform-browser/fesm2022/platform-browser.mjs",
      "file": "@angular_platform-browser.js",
      "fileHash": "ab7f4e3d",
      "needsInterop": false
    },
    "@angular/router": {
      "src": "../../../../../../node_modules/@angular/router/fesm2022/router.mjs",
      "file": "@angular_router.js",
      "fileHash": "fde07b83",
      "needsInterop": false
    }
  },
  "chunks": {
    "chunk-YUG275CG": {
      "file": "chunk-YUG275CG.js"
    },
    "chunk-H5FHZ246": {
      "file": "chunk-H5FHZ246.js"
    },
    "chunk-FEKN3U2S": {
      "file": "chunk-FEKN3U2S.js"
    }
  }
}